INSERT INTO bookings VALUES('booking_e47f8d6e-0ab2-4f3a-b667-924a31af7e48','class_e4539394-9a0d-4539-8fa4-080897539042','member_c50b07c5-c46d-4e3f-aee5-63c923326415','confirmed','in_person',NULL,0,NULL,NULL,NULL,NULL,NULL,NULL,NULL,1769266518);
INSERT INTO bookings VALUES('booking_f610b27b-c7ec-4811-ac90-16bc1224454e','class_e4539394-9a0d-4539-8fa4-080897539042','member_92c02fe0-f079-4d7b-97d1-614de04726a7','confirmed','in_person',NULL,0,NULL,NULL,NULL,NULL,NULL,NULL,NULL,1769266518);
INSERT INTO bookings VALUES('booking_75017876-6e51-4913-a644-6922e09484ce','class_8d5e2dbb-852a-4a82-80b3-6fd226958404','member_137e1cd8-2e2a-450e-9d2d-ed510ec8659d','confirmed','in_person',NULL,0,NULL,NULL,NULL,NULL,NULL,NULL,NULL,1769266518);
INSERT INTO bookings VALUES('booking_405c42ac-a646-4954-af50-fbf3035a96b6','class_91cefb00-1050-48b8-b2df-95b98938e739','member_c80fac91-ff32-49ae-abba-92bd071dc19a','confirmed','in_person',NULL,0,NULL,NULL,NULL,NULL,NULL,NULL,NULL,1769266518);
INSERT INTO bookings VALUES('booking_922e1b57-cb30-4fb1-ac16-adddb13ef796','class_91cefb00-1050-48b8-b2df-95b98938e739','member_c116b9ee-4a65-4696-8234-6b2954c88d39','confirmed','in_person',NULL,0,NULL,NULL,NULL,NULL,NULL,NULL,NULL,1769266518);
INSERT INTO bookings VALUES('booking_9209ef79-7acd-4cd2-a89d-563c8e1d0fe6','class_b96609fa-6e15-47d3-b65f-879033686af9','member_c116b9ee-4a65-4696-8234-6b2954c88d39','confirmed','in_person',NULL,0,NULL,NULL,NULL,NULL,NULL,NULL,NULL,1769266518);
INSERT INTO bookings VALUES('booking_87befb05-6181-4cbf-9d32-c3f86026a31b','class_c29ab280-3437-4423-bf6e-e2d18b01097a','member_42b9beaa-7855-4f7c-879b-05879cd457bf','confirmed','in_person',NULL,0,NULL,NULL,NULL,NULL,NULL,NULL,NULL,1769266518);
INSERT INTO bookings VALUES('booking_f994ee81-9d69-4837-bd0d-62167d5ba36c','class_c29ab280-3437-4423-bf6e-e2d18b01097a','member_c80fac91-ff32-49ae-abba-92bd071dc19a','confirmed','in_person',NULL,0,NULL,NULL,NULL,NULL,NULL,NULL,NULL,1769266518);
INSERT INTO bookings VALUES('booking_cc96b491-61a2-4669-a3d0-6e688520b0ed','class_c29ab280-3437-4423-bf6e-e2d18b01097a','member_92c02fe0-f079-4d7b-97d1-614de04726a7','confirmed','in_person',NULL,0,NULL,NULL,NULL,NULL,NULL,NULL,NULL,1769266518);
INSERT INTO bookings VALUES('booking_60d8c07b-ce5d-4e22-a7ee-97fc0d7ce934','class_c29ab280-3437-4423-bf6e-e2d18b01097a','member_137e1cd8-2e2a-450e-9d2d-ed510ec8659d','confirmed','in_person',NULL,0,NULL,NULL,NULL,NULL,NULL,NULL,NULL,1769266518);
INSERT INTO bookings VALUES('booking_10329d0a-4a8d-4e55-9d6f-ee7ae53417cd','class_c29ab280-3437-4423-bf6e-e2d18b01097a','member_6092f0cf-a364-442a-b861-81651095dde8','confirmed','in_person',NULL,0,NULL,NULL,NULL,NULL,NULL,NULL,NULL,1769266518);
INSERT INTO bookings VALUES('booking_51909bf3-020d-48b4-bd1d-8cf4fb9bcda3','class_3060bd15-c79e-422b-946b-bcbc7f393b62','member_dbe80677-125d-49fc-994d-815e290ce244','confirmed','in_person',NULL,0,NULL,NULL,NULL,NULL,NULL,NULL,NULL,1769266518);
INSERT INTO bookings VALUES('booking_8ca38801-dbd7-4a22-ac9e-f0f1947b6a83','class_3060bd15-c79e-422b-946b-bcbc7f393b62','member_e19079f3-9bfa-442d-86c2-b7db88bde410','confirmed','in_person',NULL,0,NULL,NULL,NULL,NULL,NULL,NULL,NULL,1769266518);
INSERT INTO bookings VALUES('booking_9651dd19-8ca0-4761-9496-665e9dae4031','class_3060bd15-c79e-422b-946b-bcbc7f393b62','member_6092f0cf-a364-442a-b861-81651095dde8','confirmed','in_person',NULL,0,NULL,NULL,NULL,NULL,NULL,NULL,NULL,1769266518);
INSERT INTO bookings VALUES('booking_f7a473e8-edc5-478a-a342-1dd9aa0cb414','class_3060bd15-c79e-422b-946b-bcbc7f393b62','member_137e1cd8-2e2a-450e-9d2d-ed510ec8659d','confirmed','in_person',NULL,0,NULL,NULL,NULL,NULL,NULL,NULL,NULL,1769266518);
INSERT INTO bookings VALUES('booking_ccda1095-fb87-430b-b8e6-95cab6a8ab01','class_3060bd15-c79e-422b-946b-bcbc7f393b62','member_92c02fe0-f079-4d7b-97d1-614de04726a7','confirmed','in_person',NULL,0,NULL,NULL,NULL,NULL,NULL,NULL,NULL,1769266518);
INSERT INTO bookings VALUES('booking_5957c87d-1244-4d9f-a08b-f850ba7a4cf1','class_84883dad-6b8b-4b0a-bd3d-7b711a57eb9b','member_42b9beaa-7855-4f7c-879b-05879cd457bf','confirmed','in_person',NULL,0,NULL,NULL,NULL,NULL,NULL,NULL,NULL,1769266518);
INSERT INTO bookings VALUES('booking_7779c14d-08c2-48c4-89aa-40ee92e484a4','class_84883dad-6b8b-4b0a-bd3d-7b711a57eb9b','member_6092f0cf-a364-442a-b861-81651095dde8','confirmed','in_person',NULL,0,NULL,NULL,NULL,NULL,NULL,NULL,NULL,1769266518);
INSERT INTO bookings VALUES('booking_118e8476-327e-4806-afae-614b1214effc','class_49d92f84-b663-4467-a2f7-fabefcf5c613','member_c116b9ee-4a65-4696-8234-6b2954c88d39','confirmed','in_person',NULL,0,NULL,NULL,NULL,NULL,NULL,NULL,NULL,1769266518);
INSERT INTO bookings VALUES('booking_b325f429-7d62-4fe1-b52c-5fbdb06b0c52','class_5f84b4ad-2094-4614-a378-b619b341fdf2','member_6092f0cf-a364-442a-b861-81651095dde8','confirmed','in_person',NULL,0,NULL,NULL,NULL,NULL,NULL,NULL,NULL,1769266518);
INSERT INTO bookings VALUES('booking_19de74a3-f4ff-45ad-8108-ac5120a2d39c','class_5f84b4ad-2094-4614-a378-b619b341fdf2','member_92c02fe0-f079-4d7b-97d1-614de04726a7','confirmed','in_person',NULL,0,NULL,NULL,NULL,NULL,NULL,NULL,NULL,1769266518);
INSERT INTO bookings VALUES('booking_6f0bc4ff-ee55-469b-9d71-ad2c6464acff','class_24edb96e-880b-412c-b726-5006ce0b8594','member_6092f0cf-a364-442a-b861-81651095dde8','confirmed','in_person',NULL,0,NULL,NULL,NULL,NULL,NULL,NULL,NULL,1769266518);
INSERT INTO bookings VALUES('booking_ee61d6e0-4a56-490c-872d-918e5ca0aad3','class_24edb96e-880b-412c-b726-5006ce0b8594','member_92c02fe0-f079-4d7b-97d1-614de04726a7','confirmed','in_person',NULL,0,NULL,NULL,NULL,NULL,NULL,NULL,NULL,1769266518);
INSERT INTO bookings VALUES('booking_3047a5af-0366-4862-9597-7cffb16fd3fa','class_24edb96e-880b-412c-b726-5006ce0b8594','member_c1720a51-5a2a-465b-a5f9-8b020cb6230c','confirmed','in_person',NULL,0,NULL,NULL,NULL,NULL,NULL,NULL,NULL,1769266518);
INSERT INTO bookings VALUES('booking_b5bd1b75-e668-4961-8957-b6a39d3c72d0','class_a0ea09a3-ddaf-4c27-8b5b-8577306c0fff','member_92c02fe0-f079-4d7b-97d1-614de04726a7','confirmed','in_person',NULL,0,NULL,NULL,NULL,NULL,NULL,NULL,NULL,1769266518);
INSERT INTO bookings VALUES('booking_0f74b6ec-dcfe-413c-baff-f1fa1c51c284','class_d56b51ef-f4c3-44f1-b900-92e4159f4bc2','member_e19079f3-9bfa-442d-86c2-b7db88bde410','confirmed','in_person',NULL,0,NULL,NULL,NULL,NULL,NULL,NULL,NULL,1769266518);
INSERT INTO bookings VALUES('booking_7f13b0cf-8d33-48a5-8604-979036c63047','class_d56b51ef-f4c3-44f1-b900-92e4159f4bc2','member_42b9beaa-7855-4f7c-879b-05879cd457bf','confirmed','in_person',NULL,0,NULL,NULL,NULL,NULL,NULL,NULL,NULL,1769266518);
INSERT INTO bookings VALUES('booking_87238a5b-db8a-4ed7-8c4d-29d007f9c7e2','class_a39feb1f-59fc-47dc-9c4b-1e6e276091b7','member_c116b9ee-4a65-4696-8234-6b2954c88d39','confirmed','in_person',NULL,0,NULL,NULL,NULL,NULL,NULL,NULL,NULL,1769266518);
INSERT INTO bookings VALUES('booking_fdfc8b65-7574-4820-9fd9-9e5090fdbf68','class_a39feb1f-59fc-47dc-9c4b-1e6e276091b7','member_137e1cd8-2e2a-450e-9d2d-ed510ec8659d','confirmed','in_person',NULL,0,NULL,NULL,NULL,NULL,NULL,NULL,NULL,1769266518);
INSERT INTO bookings VALUES('booking_916629ca-32e9-4dcf-95c5-d0ee940e21aa','class_a39feb1f-59fc-47dc-9c4b-1e6e276091b7','member_42b9beaa-7855-4f7c-879b-05879cd457bf','confirmed','in_person',NULL,0,NULL,NULL,NULL,NULL,NULL,NULL,NULL,1769266518);
INSERT INTO bookings VALUES('booking_a4aa56df-9fae-4a78-ae19-300484b653a2','class_a39feb1f-59fc-47dc-9c4b-1e6e276091b7','member_c50b07c5-c46d-4e3f-aee5-63c923326415','confirmed','in_person',NULL,0,NULL,NULL,NULL,NULL,NULL,NULL,NULL,1769266518);
INSERT INTO bookings VALUES('booking_96c1e9d1-7477-441a-8baf-ddf1f00ad50f','class_851ce0f0-8740-403a-bb90-10fb64d9ba99','member_92c02fe0-f079-4d7b-97d1-614de04726a7','confirmed','in_person',NULL,0,NULL,NULL,NULL,NULL,NULL,NULL,NULL,1769266518);
INSERT INTO bookings VALUES('booking_ce61c140-d6a7-4aa8-9897-f5e7b90560b7','class_851ce0f0-8740-403a-bb90-10fb64d9ba99','member_c1720a51-5a2a-465b-a5f9-8b020cb6230c','confirmed','in_person',NULL,0,NULL,NULL,NULL,NULL,NULL,NULL,NULL,1769266518);
INSERT INTO bookings VALUES('booking_ef5009d6-7710-45e9-a75c-00fec78f9c08','class_851ce0f0-8740-403a-bb90-10fb64d9ba99','member_c50b07c5-c46d-4e3f-aee5-63c923326415','confirmed','in_person',NULL,0,NULL,NULL,NULL,NULL,NULL,NULL,NULL,1769266518);
INSERT INTO bookings VALUES('booking_59e8a5ae-0399-4e52-bc44-6ddd62f32e71','class_d410883c-5a99-4c30-aad6-28d744927c32','member_92c02fe0-f079-4d7b-97d1-614de04726a7','confirmed','in_person',NULL,0,NULL,NULL,NULL,NULL,NULL,NULL,NULL,1769266518);
INSERT INTO bookings VALUES('booking_c85dff43-1922-46f9-8b93-448e0ab4ba5f','class_d410883c-5a99-4c30-aad6-28d744927c32','member_c80fac91-ff32-49ae-abba-92bd071dc19a','confirmed','in_person',NULL,0,NULL,NULL,NULL,NULL,NULL,NULL,NULL,1769266518);
INSERT INTO bookings VALUES('booking_81525fec-0e56-4149-ae0a-9d2957413d77','class_d410883c-5a99-4c30-aad6-28d744927c32','member_c50b07c5-c46d-4e3f-aee5-63c923326415','confirmed','in_person',NULL,0,NULL,NULL,NULL,NULL,NULL,NULL,NULL,1769266518);
INSERT INTO bookings VALUES('booking_cf529e20-fe73-49ff-8de3-99762b5778db','class_d410883c-5a99-4c30-aad6-28d744927c32','member_42b9beaa-7855-4f7c-879b-05879cd457bf','confirmed','in_person',NULL,0,NULL,NULL,NULL,NULL,NULL,NULL,NULL,1769266518);
INSERT INTO bookings VALUES('booking_259bb604-1f0d-4c43-8770-d9112eaae8f4','class_d410883c-5a99-4c30-aad6-28d744927c32','member_137e1cd8-2e2a-450e-9d2d-ed510ec8659d','confirmed','in_person',NULL,0,NULL,NULL,NULL,NULL,NULL,NULL,NULL,1769266518);
INSERT INTO bookings VALUES('booking_fccd110b-7952-4272-af5b-d2aecfb5ab2c','class_969a2e1f-fe1c-47d6-ac25-4a4553167d1c','member_c1720a51-5a2a-465b-a5f9-8b020cb6230c','confirmed','in_person',NULL,0,NULL,NULL,NULL,NULL,NULL,NULL,NULL,1769266518);
INSERT INTO bookings VALUES('booking_e71a99d0-fcbc-4b83-9953-8ce2104a965a','class_969a2e1f-fe1c-47d6-ac25-4a4553167d1c','member_42b9beaa-7855-4f7c-879b-05879cd457bf','confirmed','in_person',NULL,0,NULL,NULL,NULL,NULL,NULL,NULL,NULL,1769266518);
INSERT INTO class_pack_definitions VALUES('pack_c86e7a7d-49d5-4eb9-9af6-e8711afdbfc7','tenant_test_fixed_id','5 Class Pack',6000,5,90,NULL,0,1,1769266518);
INSERT INTO class_pack_definitions VALUES('pack_9e1a0a1a-5c1f-4abe-a9c8-3c19441c2f74','tenant_test_fixed_id','20 Class Pack',22000,20,180,NULL,0,1,1769266518);
INSERT INTO classes VALUES('class_e4539394-9a0d-4539-8fa4-080897539042','tenant_test_fixed_id','member_fbf72173-f1a5-4d92-9195-c200eaebc806','loc_7984a392-6609-4b37-a211-f25139f59d19',NULL,'Restorative',NULL,1769263200,60,20,0,NULL,'usd','class',1,NULL,NULL,NULL,NULL,0,NULL,NULL,NULL,'offline',NULL,NULL,'active',1,NULL,0,NULL,1769266518);
INSERT INTO classes VALUES('class_8d5e2dbb-852a-4a82-80b3-6fd226958404','tenant_test_fixed_id','member_fbf72173-f1a5-4d92-9195-c200eaebc806','loc_7984a392-6609-4b37-a211-f25139f59d19',NULL,'Restorative',NULL,1769295600,60,20,0,NULL,'usd','class',1,NULL,NULL,NULL,NULL,0,NULL,NULL,NULL,'offline',NULL,NULL,'active',1,NULL,0,NULL,1769266518);
INSERT INTO classes VALUES('class_91cefb00-1050-48b8-b2df-95b98938e739','tenant_test_fixed_id','member_2294287f-c5c3-4789-bfaa-8e99b2dfb836','loc_7984a392-6609-4b37-a211-f25139f59d19',NULL,'Power Yoga',NULL,1769349600,60,20,0,NULL,'usd','class',1,NULL,NULL,NULL,NULL,0,NULL,NULL,NULL,'offline',NULL,NULL,'active',1,NULL,0,NULL,1769266518);
INSERT INTO classes VALUES('class_b96609fa-6e15-47d3-b65f-879033686af9','tenant_test_fixed_id','member_2294287f-c5c3-4789-bfaa-8e99b2dfb836','loc_7984a392-6609-4b37-a211-f25139f59d19',NULL,'Power Yoga',NULL,1769382000,60,20,0,NULL,'usd','class',1,NULL,NULL,NULL,NULL,0,NULL,NULL,NULL,'offline',NULL,NULL,'active',1,NULL,0,NULL,1769266518);
INSERT INTO classes VALUES('class_c29ab280-3437-4423-bf6e-e2d18b01097a','tenant_test_fixed_id','member_fbf72173-f1a5-4d92-9195-c200eaebc806','loc_7984a392-6609-4b37-a211-f25139f59d19',NULL,'Meditation',NULL,1769436000,60,20,0,NULL,'usd','class',1,NULL,NULL,NULL,NULL,0,NULL,NULL,NULL,'offline',NULL,NULL,'active',1,NULL,0,NULL,1769266518);
INSERT INTO classes VALUES('class_3060bd15-c79e-422b-946b-bcbc7f393b62','tenant_test_fixed_id','member_fbf72173-f1a5-4d92-9195-c200eaebc806','loc_7984a392-6609-4b37-a211-f25139f59d19',NULL,'Meditation',NULL,1769468400,60,20,0,NULL,'usd','class',1,NULL,NULL,NULL,NULL,0,NULL,NULL,NULL,'offline',NULL,NULL,'active',1,NULL,0,NULL,1769266518);
INSERT INTO classes VALUES('class_8e7a6343-a556-4b17-81c6-83ef9aedb929','tenant_test_fixed_id','member_fbf72173-f1a5-4d92-9195-c200eaebc806','loc_7984a392-6609-4b37-a211-f25139f59d19',NULL,'Vinyasa Flow',NULL,1769522400,60,20,0,NULL,'usd','class',1,NULL,NULL,NULL,NULL,0,NULL,NULL,NULL,'offline',NULL,NULL,'active',1,NULL,0,NULL,1769266518);
INSERT INTO classes VALUES('class_84883dad-6b8b-4b0a-bd3d-7b711a57eb9b','tenant_test_fixed_id','member_fbf72173-f1a5-4d92-9195-c200eaebc806','loc_7984a392-6609-4b37-a211-f25139f59d19',NULL,'Vinyasa Flow',NULL,1769554800,60,20,0,NULL,'usd','class',1,NULL,NULL,NULL,NULL,0,NULL,NULL,NULL,'offline',NULL,NULL,'active',1,NULL,0,NULL,1769266518);
INSERT INTO classes VALUES('class_49d92f84-b663-4467-a2f7-fabefcf5c613','tenant_test_fixed_id','member_2294287f-c5c3-4789-bfaa-8e99b2dfb836','loc_7984a392-6609-4b37-a211-f25139f59d19',NULL,'Meditation',NULL,1769608800,60,20,0,NULL,'usd','class',1,NULL,NULL,NULL,NULL,0,NULL,NULL,NULL,'offline',NULL,NULL,'active',1,NULL,0,NULL,1769266518);
INSERT INTO classes VALUES('class_5f84b4ad-2094-4614-a378-b619b341fdf2','tenant_test_fixed_id','member_2294287f-c5c3-4789-bfaa-8e99b2dfb836','loc_7984a392-6609-4b37-a211-f25139f59d19',NULL,'Meditation',NULL,1769641200,60,20,0,NULL,'usd','class',1,NULL,NULL,NULL,NULL,0,NULL,NULL,NULL,'offline',NULL,NULL,'active',1,NULL,0,NULL,1769266518);
INSERT INTO classes VALUES('class_93fcac3b-6e93-4771-981e-7a54de3dfaaa','tenant_test_fixed_id','member_fbf72173-f1a5-4d92-9195-c200eaebc806','loc_7984a392-6609-4b37-a211-f25139f59d19',NULL,'Restorative',NULL,1769695200,60,20,0,NULL,'usd','class',1,NULL,NULL,NULL,NULL,0,NULL,NULL,NULL,'offline',NULL,NULL,'active',1,NULL,0,NULL,1769266518);
INSERT INTO classes VALUES('class_24edb96e-880b-412c-b726-5006ce0b8594','tenant_test_fixed_id','member_fbf72173-f1a5-4d92-9195-c200eaebc806','loc_7984a392-6609-4b37-a211-f25139f59d19',NULL,'Restorative',NULL,1769727600,60,20,0,NULL,'usd','class',1,NULL,NULL,NULL,NULL,0,NULL,NULL,NULL,'offline',NULL,NULL,'active',1,NULL,0,NULL,1769266518);
INSERT INTO classes VALUES('class_a0ea09a3-ddaf-4c27-8b5b-8577306c0fff','tenant_test_fixed_id','member_2294287f-c5c3-4789-bfaa-8e99b2dfb836','loc_7984a392-6609-4b37-a211-f25139f59d19',NULL,'Restorative',NULL,1769781600,60,20,0,NULL,'usd','class',1,NULL,NULL,NULL,NULL,0,NULL,NULL,NULL,'offline',NULL,NULL,'active',1,NULL,0,NULL,1769266518);
INSERT INTO classes VALUES('class_243092ab-ab59-4950-83f8-cacf2b56ebec','tenant_test_fixed_id','member_2294287f-c5c3-4789-bfaa-8e99b2dfb836','loc_7984a392-6609-4b37-a211-f25139f59d19',NULL,'Restorative',NULL,1769814000,60,20,0,NULL,'usd','class',1,NULL,NULL,NULL,NULL,0,NULL,NULL,NULL,'offline',NULL,NULL,'active',1,NULL,0,NULL,1769266518);
INSERT INTO classes VALUES('class_d56b51ef-f4c3-44f1-b900-92e4159f4bc2','tenant_test_fixed_id','member_fbf72173-f1a5-4d92-9195-c200eaebc806','loc_7984a392-6609-4b37-a211-f25139f59d19',NULL,'Restorative',NULL,1769868000,60,20,0,NULL,'usd','class',1,NULL,NULL,NULL,NULL,0,NULL,NULL,NULL,'offline',NULL,NULL,'active',1,NULL,0,NULL,1769266518);
INSERT INTO classes VALUES('class_c340fa9c-6d5d-4369-a83b-153b50cbacc5','tenant_test_fixed_id','member_fbf72173-f1a5-4d92-9195-c200eaebc806','loc_7984a392-6609-4b37-a211-f25139f59d19',NULL,'Restorative',NULL,1769900400,60,20,0,NULL,'usd','class',1,NULL,NULL,NULL,NULL,0,NULL,NULL,NULL,'offline',NULL,NULL,'active',1,NULL,0,NULL,1769266518);
INSERT INTO classes VALUES('class_a39feb1f-59fc-47dc-9c4b-1e6e276091b7','tenant_test_fixed_id','member_2294287f-c5c3-4789-bfaa-8e99b2dfb836','loc_7984a392-6609-4b37-a211-f25139f59d19',NULL,'Meditation',NULL,1769954400,60,20,0,NULL,'usd','class',1,NULL,NULL,NULL,NULL,0,NULL,NULL,NULL,'offline',NULL,NULL,'active',1,NULL,0,NULL,1769266518);
INSERT INTO classes VALUES('class_851ce0f0-8740-403a-bb90-10fb64d9ba99','tenant_test_fixed_id','member_2294287f-c5c3-4789-bfaa-8e99b2dfb836','loc_7984a392-6609-4b37-a211-f25139f59d19',NULL,'Meditation',NULL,1769986800,60,20,0,NULL,'usd','class',1,NULL,NULL,NULL,NULL,0,NULL,NULL,NULL,'offline',NULL,NULL,'active',1,NULL,0,NULL,1769266518);
INSERT INTO classes VALUES('class_d410883c-5a99-4c30-aad6-28d744927c32','tenant_test_fixed_id','member_fbf72173-f1a5-4d92-9195-c200eaebc806','loc_7984a392-6609-4b37-a211-f25139f59d19',NULL,'Meditation',NULL,1770040800,60,20,0,NULL,'usd','class',1,NULL,NULL,NULL,NULL,0,NULL,NULL,NULL,'offline',NULL,NULL,'active',1,NULL,0,NULL,1769266518);
INSERT INTO classes VALUES('class_969a2e1f-fe1c-47d6-ac25-4a4553167d1c','tenant_test_fixed_id','member_fbf72173-f1a5-4d92-9195-c200eaebc806','loc_7984a392-6609-4b37-a211-f25139f59d19',NULL,'Meditation',NULL,1770073200,60,20,0,NULL,'usd','class',1,NULL,NULL,NULL,NULL,0,NULL,NULL,NULL,'offline',NULL,NULL,'active',1,NULL,0,NULL,1769266518);
INSERT INTO classes VALUES('class_d492e1b6-ed6a-4426-909d-6fe9aca0aba6','tenant_test_fixed_id','member_fbf72173-f1a5-4d92-9195-c200eaebc806','loc_7984a392-6609-4b37-a211-f25139f59d19',NULL,'Meditation',NULL,1770127200,60,20,0,NULL,'usd','class',1,NULL,NULL,NULL,NULL,0,NULL,NULL,NULL,'offline',NULL,NULL,'active',1,NULL,0,NULL,1769266518);
INSERT INTO classes VALUES('class_a96ea2cb-4417-42c7-be12-6e46d0e74bc5','tenant_test_fixed_id','member_fbf72173-f1a5-4d92-9195-c200eaebc806','loc_7984a392-6609-4b37-a211-f25139f59d19',NULL,'Meditation',NULL,1770159600,60,20,0,NULL,'usd','class',1,NULL,NULL,NULL,NULL,0,NULL,NULL,NULL,'offline',NULL,NULL,'active',1,NULL,0,NULL,1769266518);
INSERT INTO classes VALUES('class_63973dec-45c3-416d-b8df-e108183f33e8','tenant_test_fixed_id','member_fbf72173-f1a5-4d92-9195-c200eaebc806','loc_7984a392-6609-4b37-a211-f25139f59d19',NULL,'Power Yoga',NULL,1770213600,60,20,0,NULL,'usd','class',1,NULL,NULL,NULL,NULL,0,NULL,NULL,NULL,'offline',NULL,NULL,'active',1,NULL,0,NULL,1769266518);
INSERT INTO classes VALUES('class_2731b35b-5f92-4654-ad26-a4565ea568eb','tenant_test_fixed_id','member_fbf72173-f1a5-4d92-9195-c200eaebc806','loc_7984a392-6609-4b37-a211-f25139f59d19',NULL,'Power Yoga',NULL,1770246000,60,20,0,NULL,'usd','class',1,NULL,NULL,NULL,NULL,0,NULL,NULL,NULL,'offline',NULL,NULL,'active',1,NULL,0,NULL,1769266518);
INSERT INTO classes VALUES('class_d53a2f67-71cb-4693-9dfa-b6a1858e02b7','tenant_test_fixed_id','member_fbf72173-f1a5-4d92-9195-c200eaebc806','loc_7984a392-6609-4b37-a211-f25139f59d19',NULL,'Power Yoga',NULL,1770300000,60,20,0,NULL,'usd','class',1,NULL,NULL,NULL,NULL,0,NULL,NULL,NULL,'offline',NULL,NULL,'active',1,NULL,0,NULL,1769266518);
INSERT INTO classes VALUES('class_62ee927a-bd7a-4196-9aca-33a18e87c061','tenant_test_fixed_id','member_fbf72173-f1a5-4d92-9195-c200eaebc806','loc_7984a392-6609-4b37-a211-f25139f59d19',NULL,'Power Yoga',NULL,1770332400,60,20,0,NULL,'usd','class',1,NULL,NULL,NULL,NULL,0,NULL,NULL,NULL,'offline',NULL,NULL,'active',1,NULL,0,NULL,1769266518);
INSERT INTO classes VALUES('class_2af95038-e174-4f14-9413-6421804810a6','tenant_test_fixed_id','member_fbf72173-f1a5-4d92-9195-c200eaebc806','loc_7984a392-6609-4b37-a211-f25139f59d19',NULL,'Power Yoga',NULL,1770386400,60,20,0,NULL,'usd','class',1,NULL,NULL,NULL,NULL,0,NULL,NULL,NULL,'offline',NULL,NULL,'active',1,NULL,0,NULL,1769266518);
INSERT INTO classes VALUES('class_25660101-b13e-4f45-be25-8b733c9f7c83','tenant_test_fixed_id','member_fbf72173-f1a5-4d92-9195-c200eaebc806','loc_7984a392-6609-4b37-a211-f25139f59d19',NULL,'Power Yoga',NULL,1770418800,60,20,0,NULL,'usd','class',1,NULL,NULL,NULL,NULL,0,NULL,NULL,NULL,'offline',NULL,NULL,'active',1,NULL,0,NULL,1769266518);
INSERT INTO coupons VALUES('coupon_3f67a281-aad3-4809-93f5-b02377d6116e','tenant_test_fixed_id','WELCOME20','percent',20,1,NULL,NULL,1769266518);
INSERT INTO coupons VALUES('coupon_97528a83-15b2-4cdd-9d50-c8cc638965c6','tenant_test_fixed_id','SAVE10','amount',1000,1,NULL,NULL,1769266518);
INSERT INTO gift_cards VALUES('gc_9962d2cd-7508-4044-bbdc-d8049e59c6e8','tenant_test_fixed_id','5MPDGQ45BS6T',5000,5000,'active',NULL,NULL,NULL,'Athena.Lemke@hotmail.com','Seeded gift card',1769266518,1769266518);
INSERT INTO gift_cards VALUES('gc_3e1df077-b41c-42d6-8361-7170977069e3','tenant_test_fixed_id','CEKFA61M0Z4D',5000,5000,'active',NULL,NULL,NULL,'Angelo_McDermott43@yahoo.com','Seeded gift card',1769266518,1769266518);
INSERT INTO gift_cards VALUES('gc_0041e596-5a98-4b95-a3ef-8ecdbbb028e1','tenant_test_fixed_id','SUAO54SIR9LK',5000,5000,'active',NULL,NULL,NULL,'Marlin13@yahoo.com','Seeded gift card',1769266518,1769266518);
INSERT INTO gift_cards VALUES('gc_095e43cf-2f67-4301-a1b0-d6c1249fa98f','tenant_test_fixed_id','VCZVU88RB0Y3',5000,5000,'active',NULL,NULL,NULL,'Broderick_Greenholt81@yahoo.com','Seeded gift card',1769266518,1769266518);
INSERT INTO gift_cards VALUES('gc_207390d3-b78f-4703-8d9d-92aa0694891c','tenant_test_fixed_id','4G5GYN6NECT3',5000,5000,'active',NULL,NULL,NULL,'Johnny_Stamm@hotmail.com','Seeded gift card',1769266518,1769266518);
INSERT INTO locations VALUES('loc_7984a392-6609-4b37-a211-f25139f59d19','tenant_test_fixed_id','Main Studio','123 Yoga Lane',NULL,'UTC',1,NULL,1,1769266518);
INSERT INTO membership_plans VALUES('plan_724f4764-b586-421b-b592-09649760e2c9','tenant_test_fixed_id','Unlimited Month',NULL,15000,'usd','month',NULL,NULL,NULL,0,1,1769266518);
INSERT INTO membership_plans VALUES('plan_3c18bbdd-05fa-48a8-99bb-d8c38d1f8407','tenant_test_fixed_id','10 Class Pack',NULL,12000,'usd','one_time',NULL,NULL,NULL,0,1,1769266518);
INSERT INTO membership_plans VALUES('plan_fa6156b4-e3f9-4d64-957e-3f9c3b7d196e','tenant_test_fixed_id','Drop In',NULL,2500,'usd','one_time',NULL,NULL,NULL,0,1,1769266518);
INSERT INTO products VALUES('prod_9b517aa5-07d9-45b9-b0d3-1e300cdde7f5','tenant_test_fixed_id','Yoga Mat',NULL,NULL,NULL,8000,'usd',50,5,NULL,NULL,NULL,1,1769266518,1769266518);
INSERT INTO products VALUES('prod_5a055598-2db6-4aab-81f2-4f6f287ab13e','tenant_test_fixed_id','Yoga Block',NULL,NULL,NULL,1500,'usd',30,5,NULL,NULL,NULL,1,1769266518,1769266518);
INSERT INTO products VALUES('prod_c4997db2-8ada-4e32-8a00-f56c2b1ea668','tenant_test_fixed_id','Studio T-Shirt',NULL,NULL,NULL,3500,'usd',100,5,NULL,NULL,NULL,1,1769266518,1769266518);
INSERT INTO products VALUES('prod_bc34d301-eae8-4108-8152-65aa7fa6be72','tenant_test_fixed_id','Essential Oil',NULL,NULL,NULL,2000,'usd',50,5,NULL,NULL,NULL,1,1769266518,1769266518);
INSERT INTO products VALUES('prod_907ead5f-e6e6-4942-98c3-2a65d51188b4','tenant_test_fixed_id','Water Bottle',NULL,NULL,NULL,2500,'usd',100,5,NULL,NULL,NULL,1,1769266518,1769266518);
INSERT INTO tenant_members VALUES('member_56ac56be-cf2a-46f6-8eb1-67a36ea4e53e','tenant_test_fixed_id','user_owner_fixed_id','{"bio":"I own this place"}',NULL,'active',1769266518,100,'safe',NULL,50,NULL,0,NULL,NULL);
INSERT INTO tenant_members VALUES('member_fbf72173-f1a5-4d92-9195-c200eaebc806','tenant_test_fixed_id','user_0f708ac0-8cf6-4855-a7c2-adfdc8c69057','{"bio":"Yoga Teacher"}',NULL,'active',1769266518,100,'safe',NULL,50,NULL,0,NULL,NULL);
INSERT INTO tenant_members VALUES('member_2294287f-c5c3-4789-bfaa-8e99b2dfb836','tenant_test_fixed_id','user_0d679a03-4580-4036-8d0f-4966a9343f70','{"bio":"Yoga Teacher"}',NULL,'active',1769266518,100,'safe',NULL,50,NULL,0,NULL,NULL);
INSERT INTO tenant_members VALUES('member_6092f0cf-a364-442a-b861-81651095dde8','tenant_test_fixed_id','user_9fb6ebd6-2cb6-42a0-b510-e417bf4a56a2',NULL,NULL,'active',1769266518,100,'safe',NULL,50,NULL,0,NULL,NULL);
INSERT INTO tenant_members VALUES('member_c116b9ee-4a65-4696-8234-6b2954c88d39','tenant_test_fixed_id','user_e877e575-0ca3-449c-9ccc-d80637e8a07f',NULL,NULL,'active',1769266518,100,'safe',NULL,50,NULL,0,NULL,NULL);
INSERT INTO tenant_members VALUES('member_137e1cd8-2e2a-450e-9d2d-ed510ec8659d','tenant_test_fixed_id','user_1c975822-85cf-498e-ba92-6b60994ba78e',NULL,NULL,'active',1769266518,100,'safe',NULL,50,NULL,0,NULL,NULL);
INSERT INTO tenant_members VALUES('member_dbe80677-125d-49fc-994d-815e290ce244','tenant_test_fixed_id','user_92489980-42c3-47a3-90a6-e9ead71cdcdb',NULL,NULL,'active',1769266518,100,'safe',NULL,50,NULL,0,NULL,NULL);
INSERT INTO tenant_members VALUES('member_c80fac91-ff32-49ae-abba-92bd071dc19a','tenant_test_fixed_id','user_d5b87e92-1b7d-485e-ac77-61e89a8d832c',NULL,NULL,'active',1769266518,100,'safe',NULL,50,NULL,0,NULL,NULL);
INSERT INTO tenant_members VALUES('member_92c02fe0-f079-4d7b-97d1-614de04726a7','tenant_test_fixed_id','user_e47bdbf4-c47d-4d3f-b7ca-eb8854f72a9e',NULL,NULL,'active',1769266518,100,'safe',NULL,50,NULL,0,NULL,NULL);
INSERT INTO tenant_members VALUES('member_42b9beaa-7855-4f7c-879b-05879cd457bf','tenant_test_fixed_id','user_3f93132b-74ad-4336-be77-ab2f0381b1a2',NULL,NULL,'active',1769266518,100,'safe',NULL,50,NULL,0,NULL,NULL);
INSERT INTO tenant_members VALUES('member_c1720a51-5a2a-465b-a5f9-8b020cb6230c','tenant_test_fixed_id','user_1610b203-1a48-4d02-a3bd-f31ec85b10d9',NULL,NULL,'active',1769266518,100,'safe',NULL,50,NULL,0,NULL,NULL);
INSERT INTO tenant_members VALUES('member_c50b07c5-c46d-4e3f-aee5-63c923326415','tenant_test_fixed_id','user_36db1a9c-720e-4d27-a737-c1f7351abe5e',NULL,NULL,'active',1769266518,100,'safe',NULL,50,NULL,0,NULL,NULL);
INSERT INTO tenant_members VALUES('member_e19079f3-9bfa-442d-86c2-b7db88bde410','tenant_test_fixed_id','user_31d3a748-e09a-4251-846d-51cc1582a6de',NULL,NULL,'active',1769266518,100,'safe',NULL,50,NULL,0,NULL,NULL);
INSERT INTO tenant_roles VALUES('member_56ac56be-cf2a-46f6-8eb1-67a36ea4e53e','owner',1769266518);
INSERT INTO tenant_roles VALUES('member_fbf72173-f1a5-4d92-9195-c200eaebc806','instructor',1769266518);
INSERT INTO tenant_roles VALUES('member_2294287f-c5c3-4789-bfaa-8e99b2dfb836','instructor',1769266518);
INSERT INTO tenant_roles VALUES('member_6092f0cf-a364-442a-b861-81651095dde8','student',1769266518);
INSERT INTO tenant_roles VALUES('member_c116b9ee-4a65-4696-8234-6b2954c88d39','student',1769266518);
INSERT INTO tenant_roles VALUES('member_137e1cd8-2e2a-450e-9d2d-ed510ec8659d','student',1769266518);
INSERT INTO tenant_roles VALUES('member_dbe80677-125d-49fc-994d-815e290ce244','student',1769266518);
INSERT INTO tenant_roles VALUES('member_c80fac91-ff32-49ae-abba-92bd071dc19a','student',1769266518);
INSERT INTO tenant_roles VALUES('member_92c02fe0-f079-4d7b-97d1-614de04726a7','student',1769266518);
INSERT INTO tenant_roles VALUES('member_42b9beaa-7855-4f7c-879b-05879cd457bf','student',1769266518);
INSERT INTO tenant_roles VALUES('member_c1720a51-5a2a-465b-a5f9-8b020cb6230c','student',1769266518);
INSERT INTO tenant_roles VALUES('member_c50b07c5-c46d-4e3f-aee5-63c923326415','student',1769266518);
INSERT INTO tenant_roles VALUES('member_e19079f3-9bfa-442d-86c2-b7db88bde410','student',1769266518);
INSERT INTO tenants VALUES('tenant_test_fixed_id','test-studio','Test Studio',NULL,'{"primaryColor":"#000000"}',NULL,'{"enableStudentRegistration":true}',NULL,NULL,NULL,NULL,'system',NULL,NULL,NULL,'usd',NULL,NULL,NULL,NULL,NULL,NULL,'active','growth','active',0,0,0,0,NULL,NULL,NULL,0,0,0,0,NULL,NULL,NULL,0,1769266518);
INSERT INTO users VALUES('user_owner_fixed_id','owner@test-studio.com','{"firstName":"Otis","lastName":"Owner"}',0,'owner',NULL,NULL,NULL,0,NULL,NULL,0,NULL,NULL,NULL,1769266518);
INSERT INTO users VALUES('user_0f708ac0-8cf6-4855-a7c2-adfdc8c69057','instructor0@test-studio.com','{"firstName":"Jailyn","lastName":"Cole"}',0,'user',NULL,NULL,NULL,0,NULL,NULL,0,NULL,NULL,NULL,1769266518);
INSERT INTO users VALUES('user_0d679a03-4580-4036-8d0f-4966a9343f70','instructor1@test-studio.com','{"firstName":"Viviane","lastName":"McCullough"}',0,'user',NULL,NULL,NULL,0,NULL,NULL,0,NULL,NULL,NULL,1769266518);
INSERT INTO users VALUES('user_9fb6ebd6-2cb6-42a0-b510-e417bf4a56a2','student0@test-studio.com','{"firstName":"Aron","lastName":"Wilkinson"}',0,'user',NULL,NULL,NULL,0,NULL,NULL,0,NULL,NULL,NULL,1769266518);
INSERT INTO users VALUES('user_e877e575-0ca3-449c-9ccc-d80637e8a07f','student1@test-studio.com','{"firstName":"Lillian","lastName":"Bernier"}',0,'user',NULL,NULL,NULL,0,NULL,NULL,0,NULL,NULL,NULL,1769266518);
INSERT INTO users VALUES('user_1c975822-85cf-498e-ba92-6b60994ba78e','student2@test-studio.com','{"firstName":"Rico","lastName":"Langosh"}',0,'user',NULL,NULL,NULL,0,NULL,NULL,0,NULL,NULL,NULL,1769266518);
INSERT INTO users VALUES('user_92489980-42c3-47a3-90a6-e9ead71cdcdb','student3@test-studio.com','{"firstName":"Guillermo","lastName":"Hoppe"}',0,'user',NULL,NULL,NULL,0,NULL,NULL,0,NULL,NULL,NULL,1769266518);
INSERT INTO users VALUES('user_d5b87e92-1b7d-485e-ac77-61e89a8d832c','student4@test-studio.com','{"firstName":"Aaliyah","lastName":"Mills"}',0,'user',NULL,NULL,NULL,0,NULL,NULL,0,NULL,NULL,NULL,1769266518);
INSERT INTO users VALUES('user_e47bdbf4-c47d-4d3f-b7ca-eb8854f72a9e','student5@test-studio.com','{"firstName":"Esther","lastName":"Kautzer"}',0,'user',NULL,NULL,NULL,0,NULL,NULL,0,NULL,NULL,NULL,1769266518);
INSERT INTO users VALUES('user_3f93132b-74ad-4336-be77-ab2f0381b1a2','student6@test-studio.com','{"firstName":"Maryse","lastName":"Franey"}',0,'user',NULL,NULL,NULL,0,NULL,NULL,0,NULL,NULL,NULL,1769266518);
INSERT INTO users VALUES('user_1610b203-1a48-4d02-a3bd-f31ec85b10d9','student7@test-studio.com','{"firstName":"Newton","lastName":"Hickle"}',0,'user',NULL,NULL,NULL,0,NULL,NULL,0,NULL,NULL,NULL,1769266518);
INSERT INTO users VALUES('user_36db1a9c-720e-4d27-a737-c1f7351abe5e','student8@test-studio.com','{"firstName":"Blanca","lastName":"Emard-Cormier"}',0,'user',NULL,NULL,NULL,0,NULL,NULL,0,NULL,NULL,NULL,1769266518);
INSERT INTO users VALUES('user_31d3a748-e09a-4251-846d-51cc1582a6de','student9@test-studio.com','{"firstName":"Mervin","lastName":"Vandervort"}',0,'user',NULL,NULL,NULL,0,NULL,NULL,0,NULL,NULL,NULL,1769266518);
